NHS number,First name,DOB,Preferred Telephone 
0000000001,Alex,01-01-70,7400000000
0000000002,Alice,02-02-71,7400000001
0000000003,Amelia,03-03-72,7400000002
0000000004,Arthur,04-04-73,7400000003
0000000005,Ben,05-05-74,7400000004
0000000006,Beth,06-06-75,7400000005
0000000007,Callum,07-07-76,7400000006
0000000008,Chloe,08-08-77,7400000007
0000000009,Connor,09-09-78,7400000008
0000000010,Daisy,10-10-79,7400000009
0000000011,Daniel,11-11-80,7400000010
0000000012,Ella,12-12-81,7400000011
0000000013,Emily,13-01-82,7400000012
0000000014,Ethan,14-02-83,7400000013
0000000015,Eva,15-03-84,7400000014
0000000016,Finley,16-04-85,7400000015
0000000017,Freya,17-05-86,7400000016
0000000018,George,18-06-87,7400000017
0000000019,Grace,19-07-88,7400000018
0000000020,Harry,20-08-89,7400000019
0000000021,Hannah,21-09-90,7400000020
0000000022,Henry,22-10-91,7400000021
0000000023,Imogen,23-11-92,7400000022
0000000024,Isaac,24-12-93,7400000023
0000000025,Isla,25-01-94,7400000024
0000000026,Jack,26-02-95,7400000025
0000000027,Jacob,27-03-96,7400000026
0000000028,James,28-04-97,7400000027
0000000029,Jessica,01-05-98,7400000028
0000000030,Joe,02-06-99,7400000029
0000000031,Joshua,03-07-70,7400000030
0000000032,Julia,04-08-71,7400000031
0000000033,Kai,05-09-72,7400000032
0000000034,Katie,06-10-73,7400000033
0000000035,Liam,07-11-74,7400000034
0000000036,Lily,08-12-75,7400000035
0000000037,Logan,09-01-76,7400000036
0000000038,Lucy,10-02-77,7400000037
0000000039,Luke,11-03-78,7400000038
0000000040,Maya,12-04-79,7400000039
0000000041,Max,13-05-80,7400000040
0000000042,Megan,14-06-81,7400000041
0000000043,Mia,15-07-82,7400000042
0000000044,Molly,16-08-83,7400000043
0000000045,Nathan,17-09-84,7400000044
0000000046,Noah,18-10-85,7400000045
0000000047,Oliver,19-11-86,7400000046
0000000048,Olivia,20-12-87,7400000047
0000000049,Oscar,21-01-88,7400000048
0000000050,Poppy,22-02-89,7400000049
0000000051,Reuben,23-03-90,7400000050
0000000052,Ruby,24-04-91,7400000051
0000000053,Sam,25-05-92,7400000052
0000000054,Samuel,26-06-93,7400000053
0000000055,Scarlett,27-07-94,7400000054
0000000056,Sebastian,28-08-95,7400000055
0000000057,Sienna,01-09-96,7400000056
0000000058,Sophie,02-10-97,7400000057
0000000059,Toby,03-11-98,7400000058
0000000060,Tom,04-12-99,7400000059
0000000061,William,05-01-70,7400000060
0000000062,Willow,06-02-71,7400000061
0000000063,Zach,07-03-72,7400000062
0000000064,Zoe,08-04-73,7400000063
0000000065,Alex,09-05-74,7400000064
0000000066,Alice,10-06-75,7400000065
0000000067,Amelia,11-07-76,7400000066
0000000068,Arthur,12-08-77,7400000067
0000000069,Ben,13-09-78,7400000068
0000000070,Beth,14-10-79,7400000069
0000000071,Callum,15-11-80,7400000070
0000000072,Chloe,16-12-81,7400000071
0000000073,Connor,17-01-82,7400000072
0000000074,Daisy,18-02-83,7400000073
0000000075,Daniel,19-03-84,7400000074
0000000076,Ella,20-04-85,7400000075
0000000077,Emily,21-05-86,7400000076
0000000078,Ethan,22-06-87,7400000077
0000000079,Eva,23-07-88,7400000078
0000000080,Finley,24-08-89,7400000079
0000000081,Freya,25-09-90,7400000080
0000000082,George,26-10-91,7400000081
0000000083,Grace,27-11-92,7400000082
0000000084,Harry,28-12-93,7400000083
0000000085,Hannah,01-01-94,7400000084
0000000086,Henry,02-02-95,7400000085
0000000087,Imogen,03-03-96,7400000086
0000000088,Isaac,04-04-97,7400000087
0000000089,Isla,05-05-98,7400000088
0000000090,Jack,06-06-99,7400000089
0000000091,Jacob,07-07-70,7400000090
0000000092,James,08-08-71,7400000091
0000000093,Jessica,09-09-72,7400000092
0000000094,Joe,10-10-73,7400000093
0000000095,Joshua,11-11-74,7400000094
0000000096,Julia,12-12-75,7400000095
0000000097,Kai,13-01-76,7400000096
0000000098,Katie,14-02-77,7400000097
0000000099,Liam,15-03-78,7400000098
0000000100,Lily,16-04-79,7400000099
